,grb_avg,grb_max,grb_min,grb_std,miosqp_avg,miosqp_avg_osqp_iter,miosqp_max,miosqp_min,miosqp_std
1,0.0005851049721240998,0.0021419525146484375,0.00043702125549316406,0.00018005306298585615,0.0001693342626094818,25.276909722222214,0.0015380382537841797,8.511543273925781e-05,0.0001441334976546646
2,0.0007725834846496582,0.002134084701538086,0.0005738735198974609,0.00021027299145230218,0.0002366204559803009,25.56510416666666,0.0020699501037597656,0.00010609626770019531,0.00018589408539295232
3,0.0009600065648555755,0.003070831298828125,0.0006809234619140625,0.00031451305184795636,0.00030296996235847475,25.808830171904596,0.002708911895751953,0.00012803077697753906,0.00022741718086372525
4,0.0011823554337024689,0.003644227981567383,0.0007791519165039062,0.0004145728324279434,0.00036506056785583495,26.58755095566407,0.001940011978149414,0.0001518726348876953,0.00026921130796136853
5,0.0016906334459781648,0.006179094314575195,0.0009570121765136719,0.0008155732286066768,0.000550002008676529,30.99985391347512,0.003062009811401367,0.00018286705017089844,0.00042705724358368117
