,grb_avg,grb_max,grb_min,grb_std,miosqp_avg,miosqp_avg_osqp_iter,miosqp_max,miosqp_min,miosqp_std
1,0.0006160739064216613,0.0038878917694091797,0.00044918060302734375,0.0002451029682178427,0.00018481940031051636,32.66464120370372,0.006685018539428711,5.793571472167969e-05,0.00028991842415354005
2,0.0008126549422740936,0.0025720596313476562,0.0005810260772705078,0.00023366753656506835,0.00019702121615409852,31.08315408549784,0.0013358592987060547,0.00010085105895996094,0.0001669231514913962
3,0.0010482028126716613,0.012631893157958984,0.0006978511810302734,0.000466547408398602,0.00030683636665344236,30.875952519702516,0.0018310546875,0.00013494491577148438,0.0002730323421010312
4,0.0012811090052127839,0.0063550472259521484,0.0008139610290527344,0.0004558778282949365,0.0004734224081039429,34.84607785921957,0.0022630691528320312,0.0001728534698486328,0.00037704791972131347
5,0.0018027685582637787,0.006493091583251953,0.001001119613647461,0.0008631470297120534,0.0006859405338764191,35.02684646162961,0.003576993942260742,0.00021409988403320312,0.0005976953128529478
