n,m,p,t_miosqp_avg,t_miosqp_std,t_miosqp_max,t_miosqp_osqp_avg,t_gurobi_avg,t_gurobi_std,t_gurobi_max
10,5,2,6.805324554443359,15.972265661216232,54.71992492675781,4.5992503934200855,1.9442081451416016,0.5071433893608148,3.2219886779785156
10,100,2,2.3990631103515625,0.5455612291029459,3.787994384765625,27.408807567970126,12.433981895446777,3.8268054569479935,17.490863800048828
50,25,5,4.692625999450684,1.2262846240381375,7.951259613037109,39.308444006307816,20.194602012634277,0.8859309554560703,22.184133529663086
50,200,10,52.97420024871826,32.93071957504414,142.93313026428223,74.06245592457341,110.14690399169922,14.623926392044151,149.42002296447754
100,50,2,6.047201156616211,1.4264778600995456,9.096860885620117,59.16307089076888,53.05888652801514,9.737194194276631,72.38006591796875
100,200,15,103.02517414093018,83.15117545542265,343.42408180236816,68.20648212795189,258.6592674255371,50.30656039784019,390.9139633178711
150,100,5,38.059449195861816,13.70563101984184,61.448097229003906,63.0985471033998,263.03553581237793,36.16403453340459,340.4269218444824
150,300,20,349.96659755706787,158.68890356971363,700.1490592956543,68.3989874965258,932.1614503860474,195.07683400657277,1327.713966369629
